position,obs_position,jerk_position,lp_position,qp_position,nc_position,max_time,obs_filtered_time,jerk_filtered_time,max_velocity,obs_filtered_velocity,jerk_filtered_velocity,lp_time,lp_velocity,lp_acceleration,lp_jerk,qp_time,qp_velocity,qp_acceleration,qp_jerk,nc_time,nc_velocity,nc_acceleration,nc_jerk,
0,0,0,0,0,0,0,0,0,3,3,0.5,0,0.5,0,0.8,0,0.5,0,0.0770348,0,0.5,0,0.8,
0.1,0.1,0.1,0.1,0.1,0.1,0.0333333,0.0333333,0.18797,3,3,0.532,0.2,0.5,0.16,0.75188,0.2,0.5,0.015407,0.0725349,0.2,0.5,0.16,0.133332,
0.2,0.2,0.2,0.2,0.2,0.2,0.0666667,0.0666667,0.357363,3,3,0.590341,0.388311,0.531037,0.310376,0.719633,0.398779,0.503072,0.0299139,0.0685536,0.388311,0.531037,0.186667,0.14161,
0.3,0.3,0.3,0.3,0.3,0.3,0.1,0.1,0.507542,3,3,0.665872,0.558791,0.586579,0.445891,0.704735,0.595249,0.508983,0.0435409,0.0649821,0.565272,0.565096,0.213333,0.150692,
0.4,0.4,0.4,0.4,0.4,0.4,0.133333,0.133333,0.64072,3,3,0.750879,0.710716,0.65822,0.566034,0.70128,0.788498,0.517467,0.056308,0.0617186,0.731477,0.601665,0.24,0.160444,
0.5,0.5,0.5,0.5,0.5,0.5,0.166667,0.166667,0.759703,3,3,0.840451,0.845992,0.739229,0.672576,0.703651,0.977807,0.528237,0.068235,0.0586716,0.887651,0.640313,0.266667,0.17075,
0.6,0.6,0.6,0.6,0.6,0.6,0.2,0.2,0.867022,3,3,0.931802,0.967173,0.825212,0.767763,0.708487,1.16265,0.541,0.0793421,0.0557614,1.03456,0.680686,0.293333,0.181516,
0.7,0.7,0.7,0.7,0.7,0.7,0.233333,0.233333,0.964735,3,3,1.02341,1.07664,0.913525,0.853618,0.714102,1.34268,0.555472,0.0896492,0.0529205,1.17297,0.722496,0.32,0.192666,
0.8,0.8,0.8,0.8,0.8,0.8,0.266667,0.266667,1.05446,3,3,1.11446,1.17638,1.00262,0.931788,0.68391,1.51769,0.571384,0.0991763,0.050094,1.3036,0.765507,0.346667,0.204135,
0.9,0.9,0.9,0.9,0.9,0.9,0.3,0.3,1.13751,3,3,1.20419,1.26799,1.09161,1,0,1.68762,0.588485,0.107943,0.0472387,1.42713,0.809527,0.373333,0.215874,
1,1,1,1,1,1,0.333333,0.333333,1.21519,3,3,1.28723,1.35276,1.17966,1,0,1.85249,0.60655,0.115971,0.0443218,1.54417,0.854401,0.4,0.22784,
1.1,1.1,1.1,1.1,1.1,1.1,0.366667,0.366667,1.28846,3,3,1.36492,1.43202,1.26159,1,-0.367126,2.01239,0.625378,0.123278,0.0413201,1.65528,0.9,0.426667,0.24,
1.2,1.2,1.2,1.2,1.2,1.2,0.4,0.4,1.35799,3,3,1.43818,1.50673,1.33851,0.9709,-0.744557,2.16748,0.644789,0.129885,0.0382182,1.76097,0.946221,0.453333,0.252326,
1.3,1.3,1.3,1.3,1.3,1.3,0.433333,0.433333,1.42432,3,3,1.50771,1.57769,1.40918,0.915274,-0.747717,2.31794,0.664628,0.135812,0.0350077,1.86168,0.992975,0.48,0.264793,
1.4,1.4,1.4,1.4,1.4,1.4,0.466667,0.466667,1.48785,3,3,1.57404,1.6456,1.4727,0.862214,-0.748494,2.46398,0.684757,0.14108,0.0316857,1.95781,1.04019,0.506667,0.277385,
1.5,1.5,1.5,1.5,1.5,1.5,0.5,0.5,1.54891,3,3,1.63757,1.71095,1.53013,0.811389,-0.74751,2.60581,0.705059,0.145707,0.0282539,2.04974,1.08781,0.533333,0.290083,
1.6,1.6,1.6,1.6,1.6,1.6,0.533333,0.533333,1.60778,3,3,1.69864,1.77415,1.58227,0.762536,-0.745193,2.74366,0.725431,0.149714,0.0247178,2.13778,1.13578,0.56,0.302875,
1.7,1.7,1.7,1.7,1.7,1.7,0.566667,0.566667,1.66468,3,3,1.75751,1.83551,1.62975,0.715439,-0.741844,2.87774,0.745783,0.153121,0.021086,2.22224,1.18406,0.586667,0.31575,
1.8,1.8,1.8,1.8,1.8,1.8,0.6,0.6,1.7198,3,3,1.81441,1.89528,1.67307,0.66992,-0.737682,3.00829,0.76604,0.155949,0.017369,2.30337,1.23261,0.613333,0.328697,
1.9,1.9,1.9,1.9,1.9,1.9,0.633333,0.633333,1.77329,3,3,1.86952,1.95367,1.71264,0.625829,-0.732869,3.13549,0.786134,0.158216,0.0135797,2.38141,1.28141,0.64,-0.180851,
2,2,2,2,2,2,0.666667,0.666667,1.82529,3,3,1.92301,2.01085,1.7488,0.583037,-0.727527,3.25956,0.806009,0.159944,0.00973198,2.45657,1.33041,0.625886,-0.354777,
2.1,2.1,2.1,2.1,2.1,2.1,0.7,0.7,1.87592,3,3,1.97501,2.06697,1.78183,0.541436,-0.721749,3.38068,0.825614,0.161151,0.00584082,2.52921,1.37665,0.59922,-0.367108,
2.2,2.2,2.2,2.2,2.2,2.2,0.733333,0.733333,1.92529,3,3,2.02564,2.12216,1.81196,0.50093,-0.715609,3.49904,0.844907,0.161858,0.00192196,2.59966,1.41951,0.572553,-0.378537,
2.3,2.3,2.3,2.3,2.3,2.3,0.766667,0.766667,1.97348,3,3,2.07501,2.17653,1.8394,0.461436,-0.709162,3.6148,0.863852,0.162086,-0.00200846,2.66818,1.45929,0.545886,-0.389144,
2.4,2.4,2.4,2.4,2.4,2.4,0.8,0.8,2.02058,3,3,2.1232,2.23017,1.86432,0.422882,-0.702454,3.72812,0.882416,0.161853,-0.00593404,2.73502,1.49623,0.51922,-0.398995,
2.5,2.5,2.5,2.5,2.5,2.5,0.833333,0.833333,2.06666,3,3,2.1703,2.28316,1.88686,0.385203,-0.695521,3.83916,0.900571,0.161181,-0.00983832,2.80036,1.53054,0.492553,-0.408144,
2.6,2.6,2.6,2.6,2.6,2.6,0.866667,0.866667,2.11177,3,3,2.21638,2.3356,1.90717,0.348342,-0.688391,3.94806,0.918294,0.160089,-0.0137049,2.86436,1.56239,0.465886,-0.416637,
2.7,2.7,2.7,2.7,2.7,2.7,0.9,0.9,2.15599,3,3,2.2615,2.38754,1.92535,0.312247,-0.681087,4.05495,0.935565,0.158596,-0.0175176,2.92718,1.59193,0.43922,-0.424515,
2.8,2.8,2.8,2.8,2.8,2.8,0.933333,0.933333,2.19936,3,3,2.30572,2.43904,1.9415,0.276872,-0.673629,4.15995,0.952366,0.156724,-0.0212605,2.98893,1.61929,0.412553,-0.431809,
2.9,2.9,2.9,2.9,2.9,2.9,0.966667,0.966667,2.24193,3,3,2.34909,2.49018,1.95571,0.242176,-0.666031,4.26318,0.968683,0.154491,-0.024918,3.04974,1.64457,0.385886,-0.438551,
3,3,3,3,3,3,1,1,2.28375,3,3,2.39166,2.54099,1.96805,0.20812,-0.658305,4.36476,0.984502,0.151919,-0.0284751,3.1097,1.66786,0.35922,-0.444764,
3.1,3.1,3.1,3.1,3.1,3.1,1.03333,1.03333,2.32484,3,3,2.43347,2.59153,1.9786,0.174671,-0.650461,4.46478,0.999814,0.149027,-0.0319172,3.16889,1.68927,0.332553,-0.450471,
3.2,3.2,3.2,3.2,3.2,3.2,1.06667,1.06667,2.36525,3,3,2.47456,2.64185,1.98741,0.141796,-0.642507,4.56334,1.01461,0.145834,-0.0352302,3.22741,1.70884,0.305886,-0.45569,
3.3,3.3,3.3,3.3,3.3,3.3,1.1,1.1,2.40501,3,3,2.51497,2.69198,1.99453,0.109467,-0.634449,4.66053,1.02888,0.142362,-0.0384006,3.28533,1.72665,0.27922,-0.460439,
3.4,3.4,3.4,3.4,3.4,3.4,1.13333,1.13333,2.44415,3,3,2.55474,2.74198,2.00001,0.0776572,-0.62629,4.75644,1.04263,0.13863,-0.0414157,3.34271,1.74274,0.252553,-0.464731,
3.5,3.5,3.5,3.5,3.5,3.5,1.16667,1.16667,2.48271,3,3,2.59388,2.79189,2.00389,0.0463428,-0.618036,4.85115,1.05584,0.134658,-0.0442631,3.39962,1.75717,0.225886,-0.46858,
3.6,3.6,3.6,3.6,3.6,3.6,1.2,1.2,2.52105,3,3,2.60809,2.84173,2.0062,0.015501,-0.615376,4.94474,1.06852,0.130465,-0.0469314,3.45612,1.76998,0.19922,-0.471995,
3.7,3.7,3.7,3.7,3.7,3.7,1.23333,1.23333,2.55997,3,3,2.56917,2.89156,2.00697,-0.0151728,-0.62494,5.03727,1.08066,0.126073,-0.0494096,3.51226,1.7812,0.172553,-0.474987,
3.8,3.8,3.8,3.8,3.8,3.8,1.26667,1.26667,2.5995,3,3,2.52964,2.9414,2.00621,-0.0463112,-0.634467,5.12883,1.09226,0.121501,-0.0516875,3.5681,1.79086,0.145886,-0.477564,
3.9,3.9,3.9,3.9,3.9,3.9,1.3,1.3,2.63967,3,3,2.48947,2.99131,2.00391,-0.0779363,-0.643962,5.21946,1.10333,0.116769,-0.0537556,3.62368,1.79899,0.11922,-0.479731,
4,4,4,4,4,4,1.33333,1.33333,2.68051,3,3,2.44863,3.0413,2.00001,-0.110072,-0.65343,5.30924,1.11386,0.111897,-0.0556052,3.67907,1.80561,0.0925532,-0.481495,
4.1,4.1,4.1,4.1,4.1,4.1,1.36667,1.36667,2.72206,3,3,2.40709,3.09144,1.9945,-0.142743,-0.662876,5.39822,1.12386,0.106905,-0.057228,3.73429,1.81072,0.0658865,-0.48286,
4.2,4.2,4.2,4.2,4.2,4.2,1.4,1.4,2.76434,3,3,2.3648,3.14176,1.98733,-0.175978,-0.672304,5.48645,1.13334,0.101812,-0.0586168,3.78941,1.81436,0.0392198,-0.483829,
4.3,4.3,4.3,4.3,4.3,4.3,1.43333,1.43333,2.80741,3,3,2.32173,3.19231,1.97846,-0.209808,-0.681719,5.574,1.14228,0.0966404,-0.0597647,3.84446,1.81652,0.0125532,-0.484405,
4.4,4.4,4.4,4.4,4.4,4.4,1.46667,1.46667,2.85132,3,3,2.27783,3.24312,1.96782,-0.244265,-0.691123,5.6609,1.15071,0.0914084,-0.0606657,3.89949,1.81721,-0.0141135,-0.48459,
4.5,4.5,4.5,4.5,4.5,4.5,1.5,1.5,2.8961,3,3,2.23304,3.29426,1.95537,-0.279386,-0.700522,5.74721,1.15863,0.0861364,-0.0613145,3.95454,1.81643,-0.0407802,-0.484382,
4.6,4.6,4.6,4.6,4.6,4.6,1.53333,1.53333,2.94182,3,3,2.18733,3.34578,1.94103,-0.315212,-0.709919,5.83297,1.16604,0.0808444,-0.0617064,4.00966,1.81419,-0.0674468,-0.483783,
4.7,4.7,4.7,4.7,4.7,4.7,1.56667,1.56667,2.98853,3,3,2.14061,3.39774,1.92472,-0.351786,-0.719317,5.91822,1.17295,0.0755525,-0.0618374,4.0649,1.81047,-0.0941135,-0.482791,
4.8,4.8,4.8,4.8,4.8,4.8,1.6,1.6,3.03631,3,3,2.09283,3.4502,1.90636,-0.389158,-0.72872,6.00301,1.17938,0.0702805,-0.061704,4.12029,1.80526,-0.12078,-0.481403,
4.9,4.9,4.9,4.9,4.9,4.9,1.63333,1.63333,3.08524,3,3,2.0439,3.50322,1.88583,-0.427384,-0.73813,6.08738,1.18532,0.0650486,-0.0613035,4.17589,1.79856,-0.147447,-0.479615,
5,5,5,5,5,5,1.66667,1.66667,3.1354,3,3,1.99375,3.5569,1.86303,-0.466525,-0.747551,6.17136,1.1908,0.0598767,-0.0606337,4.23175,1.79034,-0.174113,-0.477424,
5.1,5.1,5.1,5.1,5.1,5.1,1.7,1.7,3.18688,3,3,1.94226,3.61131,1.83782,-0.50665,-0.756983,6.25498,1.19581,0.0547849,-0.0596931,4.28791,1.78059,-0.20078,-0.474824,
5.2,5.2,5.2,5.2,5.2,5.2,1.73333,1.73333,3.23981,3,3,1.88933,3.66656,1.81004,-0.54784,-0.766427,6.33829,1.20039,0.049793,-0.0584807,4.34443,1.76928,-0.227447,-0.471807,
5.3,5.3,5.3,5.3,5.3,5.3,1.76667,1.76667,3.29431,3,3,1.83483,3.72275,1.77952,-0.590183,-0.775884,6.42131,1.20453,0.0449212,-0.0569958,4.40136,1.75637,-0.254113,-0.468367,
5.4,5.4,5.4,5.4,5.4,5.4,1.8,1.8,3.35046,3,3,1.78105,3.78003,1.74604,-0.633783,-0.784272,6.50407,1.20825,0.0401894,-0.0552385,4.45877,1.74185,-0.28078,-0.464492,
5.5,5.5,5.5,5.5,5.5,5.5,1.83333,1.83333,3.40832,3,3,1.72823,3.83853,1.70935,-0.678701,-0.791262,6.58661,1.21157,0.0356177,-0.0532092,4.51672,1.72565,-0.307447,-0.460174,
5.6,5.6,5.6,5.6,5.6,5.6,1.86667,1.86667,3.46797,3,3,1.67654,3.89844,1.66918,-0.724991,-0.796486,6.66895,1.21451,0.0312259,-0.0509089,4.57528,1.70774,-0.334113,-0.455398,
5.7,5.7,5.7,5.7,5.7,5.7,1.9,1.9,3.52946,3,3,1.62619,3.95997,1.62516,-0.772708,0.777966,6.75111,1.21708,0.0270342,-0.0483387,4.63452,1.68806,-0.36078,-0.45015,
5.8,5.8,5.8,5.8,5.8,5.8,1.93333,1.93333,3.59286,3,3,1.57739,4.02338,1.5769,-0.724838,0.79975,6.83313,1.2193,0.0230625,-0.0455002,4.69452,1.66655,-0.387447,-0.444415,
5.9,5.9,5.9,5.9,5.9,5.9,1.96667,1.96667,3.6582,3,3,1.53042,4.08873,1.53024,-0.674121,0.79991,6.91501,1.22119,0.0193308,-0.0423954,4.75538,1.64314,-0.414114,-0.438171,
6,6,6,6,6,6,2,2,3.72551,3,3,1.48554,4.15605,1.48554,-0.621848,0.8,6.9968,1.22277,0.0158592,-0.0390262,4.8172,1.61774,-0.44078,-0.431398,
6.1,6.1,6.1,6.1,6.1,6.1,2.03333,2.03333,3.79481,3,3,1.44307,4.22535,1.44307,-0.567995,0.8,7.07849,1.22407,0.0126675,-0.0353951,4.88008,1.59026,-0.467447,-0.42407,
6.2,6.2,6.2,6.2,6.2,6.2,2.06667,2.06667,3.86607,3,3,1.40335,4.29661,1.40316,-0.512558,0.79989,7.16012,1.2251,0.00977593,-0.0315044,4.94416,1.56059,-0.494114,-0.416158,
6.3,6.3,6.3,6.3,6.3,6.3,2.1,2.1,3.93924,3,3,1.36674,4.36981,1.36614,-0.455552,0.799649,7.24169,1.2259,0.00720434,-0.0273566,5.00958,1.5286,-0.52078,-0.407627,
6.4,6.4,6.4,6.4,6.4,6.4,2.13333,2.13333,4.01422,3,3,1.33361,4.44487,1.33238,-0.397018,0.799262,7.32322,1.22649,0.00497279,-0.0229541,5.0765,1.49414,-0.547447,-0.398439,
6.5,6.5,6.5,6.5,6.5,6.5,2.16667,2.16667,4.09089,3,3,1.30433,4.52166,1.30224,-0.337031,0.798717,7.40473,1.22689,0.00310125,-0.0182992,5.14514,1.45704,-0.574114,-0.388545,
6.6,6.6,6.6,6.6,6.6,6.6,2.2,2.2,4.16906,3,3,1.27928,4.60002,1.2761,-0.275696,0.798012,7.48622,1.22714,0.00160974,-0.0133941,5.2157,1.41709,-0.60078,-0.377892,
6.7,6.7,6.7,6.7,6.7,6.7,2.23333,2.23333,4.2485,3,3,1.25878,4.67975,1.25431,-0.213161,0.797157,7.5677,1.22727,0.000518258,-0.00824069,5.28848,1.37405,-0.627447,-0.366412,
6.8,6.8,6.8,6.8,6.8,6.8,2.26667,2.26667,4.32894,3,3,1.24314,4.76057,1.23719,-0.149607,0.796175,7.64918,1.22732,-0.000153205,-0.00284049,5.36381,1.3276,-0.654114,0.354026,
6.9,6.9,6.9,6.9,6.9,6.9,2.3,2.3,4.41007,3,3,1.23258,4.8422,1.22504,-0.0852542,0.795105,7.73066,1.2273,-0.000384644,0.00280543,5.44209,1.27738,-0.627447,0.340633,
7,7,7,7,7,7,2.33333,2.38148,4.49155,3,1.22727,1.22727,4.9243,1.21806,-0.0203499,0.793997,7.81214,1.22727,-0.000156059,0.00168594,5.52357,1.22727,-0.60078,0.8,
7.1,7.1,7.1,7.1,7.1,7.1,2.36667,2.46296,4.57303,3,1.22727,1.22727,5.00651,1.21639,0.0448353,0.38701,7.89362,1.22726,-1.86865e-05,0.000811967,5.60851,1.1773,-0.535595,0.767427,
7.2,7.2,7.2,7.2,7.2,7.2,2.4,2.54444,4.65452,3,1.22727,1.22727,5.08847,1.22007,0.0766515,-0.795306,7.97511,1.22726,4.74745e-05,0.000183466,5.69694,1.13089,-0.47041,0.737176,
7.3,7.3,7.3,7.3,7.3,7.3,2.43333,2.62593,4.736,3,1.22727,1.22727,5.17002,1.22634,0.0114663,-0.140616,8.05659,1.22726,6.24237e-05,-0.000199585,5.78881,1.0885,-0.405225,0.709544,
7.4,7.4,7.4,7.4,7.4,7.4,2.46667,2.70741,4.81748,3,1.22727,1.22727,5.2515,1.22727,0,0,8.13807,1.22727,4.61611e-05,-0.000337186,5.88399,1.05062,-0.340039,0.684847,
7.5,7.5,7.5,7.5,7.5,7.5,2.5,2.78889,4.89896,3,1.22727,1.22727,5.33298,1.22727,0,0,8.21955,1.22727,1.86865e-05,-0.000229335,5.98225,1.01774,-0.274854,0.663414,
7.6,7.6,7.6,7.6,7.6,7.6,2.53333,2.87037,4.98044,3,1.22727,1.22727,5.41446,1.22727,0,0,8.30103,1.22727,-9.62855e-11,1.58172e-09,6.08322,0.990362,-0.209669,0.64557,
7.7,7.7,7.7,7.7,7.7,7.7,2.56667,2.95185,5.06192,3,1.22727,1.22727,5.49594,1.22727,0,0,8.38251,1.22727,3.25955e-11,-5.08611e-11,6.18642,0.96896,-0.144484,0.631619,
7.8,7.8,7.8,7.8,7.8,7.8,2.6,3.03333,5.14341,3,1.22727,1.22727,5.57743,1.22727,0,0,8.464,1.22727,2.84512e-11,-2.12753e-10,6.29125,0.953932,-0.0792987,0.621823,
7.9,7.9,7.9,7.9,7.9,7.9,2.63333,3.11481,5.22489,3,1.22727,1.22727,5.65891,1.22727,0,0,8.54548,1.22727,1.11158e-11,1.04709e-10,6.39701,0.945583,-0.0141135,0.61638,
8,8,8,8,8,8,2.66667,3.1963,5.30637,3,1.22727,1.22727,5.74039,1.22727,0,0,8.62696,1.22727,1.96476e-11,-2.99495e-10,6.50293,0.944089,0.0510717,0.615406,
8.1,8.1,8.1,8.1,8.1,8.1,2.7,3.27778,5.38785,3,1.22727,1.22727,5.82187,1.22727,0,0,8.70844,1.22727,-4.75564e-12,3.187e-12,6.60825,0.949484,0.116257,0.618923,
8.2,8.2,8.2,8.2,8.2,8.2,2.73333,3.35926,5.46933,3,1.22727,1.22727,5.90335,1.22727,0,0,8.78992,1.22727,-4.49596e-12,5.26406e-11,6.71224,0.96165,0.181442,0.626853,
8.3,8.3,8.3,8.3,8.3,8.3,2.76667,3.44074,5.55081,3,1.22727,1.22727,5.98483,1.22727,0,0,8.8714,1.22727,-2.06724e-13,1.51488e-11,6.81424,0.980336,0.246627,0.639034,
8.4,8.4,8.4,8.4,8.4,8.4,2.8,3.52222,5.63229,3,1.22727,1.22727,6.06631,1.22727,0,0,8.95288,1.22727,1.02762e-12,-7.67114e-12,6.91373,1.00518,0.311812,0.655228,
8.5,8.5,8.5,8.5,8.5,8.5,2.83333,3.6037,5.71378,3,1.22727,1.22727,6.1478,1.22727,0,0,9.03437,1.22727,4.02567e-13,-3.09843e-12,7.01028,1.03573,0.376998,0.675146,
8.6,8.6,8.6,8.6,8.6,8.6,2.86667,3.68519,5.79526,3,1.22727,1.22727,6.22928,1.22727,0,0,9.11585,1.22727,1.50102e-13,-2.9867e-12,7.1036,1.07152,0.442183,-0.584407,
8.7,8.7,8.7,8.7,8.7,8.7,2.9,3.76667,5.87674,3,1.22727,1.22727,6.31076,1.22727,0,0,9.19733,1.22727,-9.32587e-14,1.09004e-12,7.19353,1.11202,0.387643,-0.724871,
8.8,8.8,8.8,8.8,8.8,8.8,2.93333,3.84815,5.95822,3,1.22727,1.22727,6.39224,1.22727,0,0,9.27881,1.22727,-4.44089e-15,-7.64389e-13,7.28076,1.14635,0.322457,-0.747248,
8.9,8.9,8.9,8.9,8.9,8.9,2.96667,3.92963,6.0397,3,1.22727,1.22727,6.47372,1.22727,0,0,9.36029,1.22727,-6.67244e-14,-1.38435e-12,7.36593,1.17414,0.257272,-0.765365,
9,9,9,9,9,9,3,4.01111,6.12118,3,1.22727,1.22727,6.5552,1.22727,0,0,9.44177,1.22727,-1.79523e-13,1.47019e-12,7.44956,1.19585,0.192087,-0.779517,
9.1,9.1,9.1,9.1,9.1,9.1,3.03333,4.09259,6.20266,3,1.22727,1.22727,6.63669,1.22727,0,0,9.52326,1.22727,-5.973e-14,3.39274e-13,7.53208,1.21181,0.126902,-0.789918,
9.2,9.2,9.2,9.2,9.2,9.2,3.06667,4.17407,6.28415,3,1.22727,1.22727,6.71817,1.22727,0,0,9.60474,1.22727,-3.20854e-14,3.99226e-13,7.61389,1.22223,0.0617166,-0.754322,
9.3,9.3,9.3,9.3,9.3,9.3,3.1,4.25556,6.36563,3,1.22727,1.22727,6.79965,1.22727,0,0,9.68622,1.22727,4.44089e-16,6.54022e-14,7.69538,1.22727,-7.88494e-10,1.72563e-09,
9.4,9.4,9.4,9.4,9.4,9.4,3.13333,4.33704,6.44711,3,1.22727,1.22727,6.88113,1.22727,0,0,9.7677,1.22727,5.77316e-15,8.44779e-14,7.77686,1.22727,-6.47888e-10,1.45932e-09,
9.5,9.5,9.5,9.5,9.5,9.5,3.16667,4.41852,6.52859,3,1.22727,1.22727,6.96261,1.22727,0,0,9.84918,1.22727,1.26565e-14,-6.26771e-14,7.85834,1.22727,-5.2898e-10,1.15543e-09,
9.6,9.6,9.6,9.6,9.6,9.6,3.2,4.5,6.61007,3,1.22727,1.22727,7.04409,1.22727,0,0,9.93066,1.22727,7.54952e-15,-1.04916e-13,7.93982,1.22727,-4.34834e-10,9.78098e-10,
9.7,9.7,9.7,9.7,9.7,9.7,3.23333,4.58148,6.69155,3,1.22727,1.22727,7.12557,1.22727,0,0,10.0121,1.22727,-9.99201e-16,1.36255e-15,8.0213,1.22727,-3.55137e-10,7.81461e-10,
9.8,9.8,9.8,9.8,9.8,9.8,3.26667,4.66296,6.77303,3,1.22727,1.22727,7.20706,1.22727,0,0,10.0936,1.22727,-8.88178e-16,-6.54022e-14,8.10278,1.22727,-2.91462e-10,6.51458e-10,
9.9,9.9,9.9,9.9,9.9,9.9,3.3,4.74444,6.85452,3,1.22727,1.22727,7.28854,1.22727,0,0,10.1751,1.22727,-6.21725e-15,3.13386e-14,8.18426,1.22727,-2.38381e-10,5.32476e-10,
10,10,10,10,10,10,3.32,4.82593,6.936,5,1.22727,1.22727,7.37002,1.22727,0,0,10.2566,1.22727,-3.66374e-15,6.67648e-14,8.26575,1.22727,-1.94994e-10,4.29214e-10,
10.1,10.1,10.1,10.1,10.1,10.1,3.34,4.90741,7.01748,5,1.22727,1.22727,7.4515,1.22727,0,0,10.3381,1.22727,1.77636e-15,-1.36255e-14,8.34723,1.22727,-1.60021e-10,3.52882e-10,
10.2,10.2,10.2,10.2,10.2,10.2,3.36,4.98889,7.09896,5,1.22727,1.22727,7.53298,1.22727,0,0,10.4196,1.22727,6.66134e-16,4.63266e-14,8.42871,1.22727,-1.31267e-10,2.9179e-10,
10.3,10.3,10.3,10.3,10.3,10.3,3.38,5.07037,7.18044,5,1.22727,1.22727,7.61446,1.22727,0,0,10.501,1.22727,4.44089e-15,-2.72509e-14,8.51019,1.22727,-1.07492e-10,2.46626e-10,
10.4,10.4,10.4,10.4,10.4,10.4,3.4,5.15185,7.26192,5,1.22727,1.22727,7.69594,1.22727,0,0,10.5825,1.22727,2.22045e-15,-2.45258e-14,8.59167,1.22727,-8.73964e-11,1.8858e-10,
10.5,10.5,10.5,10.5,10.5,10.5,3.42,5.23333,7.34341,5,1.22727,1.22727,7.77743,1.22727,0,0,10.664,1.22727,2.22045e-16,-5.31393e-14,8.67315,1.22727,-7.20306e-11,1.58889e-10,
10.6,10.6,10.6,10.6,10.6,10.6,3.44,5.31481,7.42489,5,1.22727,1.22727,7.85891,1.22727,0,0,10.7455,1.22727,-4.10783e-15,-1.03554e-13,8.75464,1.22727,-5.90841e-11,1.38039e-10,
10.7,10.7,10.7,10.7,10.7,10.7,3.46,5.3963,7.50637,5,1.22727,1.22727,7.94039,1.22727,0,0,10.827,1.22727,-1.25455e-14,2.86135e-14,8.83612,1.22727,-4.78365e-11,1.00197e-10,
10.8,10.8,10.8,10.8,10.8,10.8,3.48,5.47778,7.58785,5,1.22727,1.22727,8.02187,1.22727,0,0,10.9084,1.22727,-1.02141e-14,-1.3353e-13,8.9176,1.22727,-3.96723e-11,9.08917e-11,
10.9,10.9,10.9,10.9,10.9,10.9,3.5,5.55926,7.66933,5,1.22727,1.22727,8.10335,1.22727,0,0,10.9899,1.22727,-2.10942e-14,-6.26771e-14,8.99908,1.22727,-3.22663e-11,6.6225e-11,
11,11,11,11,11,11,3.52,5.64074,7.75081,5,1.22727,1.22727,8.18483,1.22727,0,0,11.0714,1.22727,-2.62013e-14,2.1937e-13,9.08056,1.22727,-2.68702e-11,6.61435e-11,
11.1,11.1,11.1,11.1,11.1,11.1,3.54,5.72222,7.83229,5,1.22727,1.22727,8.26631,1.22727,0,0,11.1529,1.22727,-8.32667e-15,8.63446e-12,9.16204,1.22727,-2.14807e-11,4.41201e-11,
11.2,11.2,11.2,11.2,11.2,11.2,3.56,5.8037,7.91378,5,1.22727,1.22727,8.3478,1.22727,0,0,11.2344,1.22727,6.95222e-13,-7.39318e-12,9.24352,1.22727,-1.78857e-11,4.00841e-11,
11.3,11.3,11.3,11.3,11.3,11.3,3.58,5.88519,7.99526,5,1.22727,1.22727,8.42928,1.22727,0,0,11.3158,1.22727,9.28146e-14,-4.62721e-12,9.32501,1.22727,-1.46196e-11,3.29143e-11,
11.4,11.4,11.4,11.4,11.4,11.4,3.6,5.96667,8.07674,5,1.22727,1.22727,8.51076,1.22727,0,0,11.3973,1.22727,-2.84217e-13,4.26477e-12,9.40649,1.22727,-1.19377e-11,2.69626e-11,
11.5,11.5,11.5,11.5,11.5,11.5,3.62,6.04815,8.15822,5,1.22727,1.22727,8.59224,1.22727,0,0,11.4788,1.22727,6.32827e-14,-8.7748e-12,9.48797,1.22727,-9.74076e-12,2.16901e-11,
11.6,11.6,11.6,11.6,11.6,11.6,3.64,6.12963,8.2397,5,1.22727,1.22727,8.67372,1.22727,0,0,11.5603,1.22727,-6.51701e-13,-3.87099e-12,9.56945,1.22727,-7.97342e-12,1.85307e-11,
11.7,11.7,11.7,11.7,11.7,11.7,3.66,6.21111,8.32118,5,1.22727,1.22727,8.7552,1.22727,0,0,11.6418,1.22727,-9.67115e-13,1.84393e-11,9.65093,1.22727,-6.46351e-12,1.14908e-11,
11.8,11.8,11.8,11.8,11.8,11.8,3.68,6.29259,8.40266,5,1.22727,1.22727,8.83669,1.22727,0,0,11.7233,1.22727,5.3535e-13,-4.14241e-11,9.73241,1.22727,-5.52722e-12,9.66693e-12,
11.9,11.9,11.9,11.9,11.9,11.9,3.7,6.37407,8.48415,5,1.22727,1.22727,8.91817,1.22727,0,0,11.8047,1.22727,-2.83995e-12,2.03684e-10,9.81389,1.22727,-4.73954e-12,1.54104e-11,
12,12,12,12,12,12,3.72,6.45556,8.56563,5,1.22727,1.22727,8.99965,1.22727,0,0,11.8862,1.22727,1.37566e-11,-1.49381e-10,9.89538,1.22727,-3.48388e-12,2.67707e-12,
12.1,12.1,12.1,12.1,12.1,12.1,3.74,6.53704,8.64711,5,1.22727,1.22727,9.08113,1.22727,0,0,11.9677,1.22727,1.58473e-12,-2.90618e-10,9.97686,1.22727,-3.26575e-12,4.12851e-12,
12.2,12.2,12.2,12.2,12.2,12.2,3.76,6.61852,8.72859,5,1.22727,1.22727,9.16261,1.22727,0,0,12.0492,1.22727,-2.20952e-11,-1.56457e-09,10.0583,1.22727,-2.92935e-12,1.39481e-11,
12.3,12.3,12.3,12.3,12.3,12.3,3.78,6.7,8.81007,5,1.22727,1.22727,9.24409,1.22727,0,0,12.1307,1.22727,-1.49579e-10,4.32805e-09,10.1398,1.22727,-1.79285e-12,-1.92925e-12,
12.4,12.4,12.4,12.4,12.4,12.4,3.8,6.78148,8.89155,5,1.22727,1.22727,9.32557,1.22727,0,0,12.2121,1.22727,2.03078e-10,-2.54449e-09,10.2213,1.22727,-1.95004e-12,5.80181e-12,
12.5,12.5,12.5,12.5,12.5,12.5,3.82,6.86296,8.97303,5,1.22727,1.22727,9.40706,1.22727,0,0,12.2936,1.22727,-4.2516e-12,-0.00253055,10.3028,1.22727,-1.4773e-12,-3.51644e-12,
12.6,12.6,12.6,12.6,12.6,12.6,3.84,6.94444,9.05452,5,1.22727,1.22727,9.48854,1.22727,0,0,12.3751,1.22727,-0.000206193,-0.00681265,10.3843,1.22727,-1.76383e-12,2.57261e-12,
12.7,12.7,12.7,12.7,12.7,12.7,3.86,7.02593,9.136,5,1.22727,1.22727,9.57002,1.22727,0,0,12.4566,1.22726,-0.000761298,-0.0108492,10.4657,1.22727,-1.55421e-12,7.02234e-12,
12.8,12.8,12.8,12.8,12.8,12.8,3.88,7.10741,9.21748,5,1.22727,1.22727,9.6515,1.22727,0,0,12.5381,1.22719,-0.00164532,-0.0146396,10.5472,1.22727,-9.82018e-13,1.23939e-12,
12.9,12.9,12.9,12.9,12.9,12.9,3.9,7.18889,9.29896,5,1.22727,1.22727,9.73298,1.22727,0,0,12.6196,1.22706,-0.00283824,-0.0181831,10.6287,1.22727,-8.81031e-13,-2.03875e-12,
13,13,13,13,13,13,3.92,7.27037,9.38044,5,1.22727,1.22727,9.81446,1.22727,0,0,12.7011,1.22683,-0.00432009,-0.0214787,10.7102,1.22727,-1.04715e-12,-7.16495e-12,
13.1,13.1,13.1,13.1,13.1,13.1,3.94,7.35185,9.46192,5,1.22727,1.22727,9.89594,1.22727,0,0,12.7826,1.22648,-0.00607084,-0.0245254,10.7917,1.22727,-1.63096e-12,3.40574e-12,
13.2,13.2,13.2,13.2,13.2,13.2,3.96,7.43333,9.54341,5,1.22727,1.22727,9.97743,1.22727,0,0,12.8642,1.22598,-0.00807051,-0.0273219,10.8732,1.22727,-1.35346e-12,-5.64125e-12,
13.3,13.3,13.3,13.3,13.3,13.3,3.98,7.51481,9.62489,5,1.22727,1.22727,10.0589,1.22727,0,0,12.9458,1.22532,-0.0102991,-0.0298671,10.9546,1.22727,-1.81311e-12,1.23526e-12,
13.4,13.4,13.4,13.4,13.4,13.4,4,7.5963,9.70637,5,1.22727,1.22727,10.1404,1.22727,0,0,13.0275,1.22448,-0.0127366,-0.0321598,11.0361,1.22727,-1.71246e-12,-7.48723e-12,
13.5,13.5,13.5,13.5,13.5,13.5,4.02,7.67778,9.78785,5,1.22727,1.22727,10.2219,1.22727,0,0,13.1092,1.22344,-0.015363,-0.034199,11.1176,1.22727,-2.32253e-12,-3.45076e-12,
13.6,13.6,13.6,13.6,13.6,13.6,4.04,7.75926,9.86933,5,1.22727,1.22727,10.3034,1.22727,0,0,13.191,1.22218,-0.0181583,-0.0359839,11.1991,1.22727,-2.60371e-12,-6.84107e-12,
13.7,13.7,13.7,13.7,13.7,13.7,4.06,7.84074,9.95081,5,1.22727,1.22727,10.3848,1.22727,0,0,13.2729,1.2207,-0.0211025,-0.0375138,11.2806,1.22727,-3.16113e-12,-1.16928e-11,
13.8,13.8,13.8,13.8,13.8,13.8,4.08,7.92222,10.0323,5,1.22727,1.22727,10.4663,1.22727,0,0,13.355,1.21897,-0.0241757,-0.0387882,11.362,1.22727,-4.11387e-12,-4.80212e-12,
13.9,13.9,13.9,13.9,13.9,13.9,4.1,8.0037,10.1138,5,1.22727,1.22727,10.5478,1.22727,0,0,13.4371,1.21698,-0.0273577,-0.0398071,11.4435,1.22727,-4.50516e-12,-1.65631e-11,
14,14,14,14,14,14,4.12,8.08519,10.1953,5,1.22727,1.22727,10.6293,1.22727,0,0,13.5195,1.21473,-0.0306287,-0.0405706,11.525,1.22727,-5.85474e-12,-1.46355e-11,
14.1,14.1,14.1,14.1,14.1,14.1,4.14,8.16667,10.2767,5,1.22727,1.22727,10.7108,1.22727,0,0,13.602,1.21221,-0.0339685,-0.0410792,11.6065,1.22727,-7.04726e-12,-1.92955e-11,
14.2,14.2,14.2,14.2,14.2,14.2,4.16,8.24815,10.3582,5,1.22727,1.22727,10.7922,1.22727,0,0,13.6846,1.2094,-0.0373573,-0.0413338,11.688,1.22727,-8.61949e-12,-2.37124e-11,
14.3,14.3,14.3,14.3,14.3,14.3,4.18,8.32963,10.4397,5,1.22727,1.22727,10.8737,1.22727,0,0,13.7675,1.20631,-0.040775,-0.0413356,11.7694,1.22727,-1.05516e-11,-2.80563e-11,
14.4,14.4,14.4,14.4,14.4,14.4,4.2,8.41111,10.5212,5,1.22727,1.22727,10.9552,1.22727,0,0,13.8507,1.20293,-0.0442016,-0.0410862,11.8509,1.22727,-1.28377e-11,-3.08135e-11,
14.5,14.5,14.5,14.5,14.5,14.5,4.22,8.49259,10.6027,5,1.22727,1.22727,11.0367,1.22727,0,0,13.9341,1.19925,-0.0476172,-0.0405877,11.9324,1.22727,-1.53484e-11,-4.04419e-11,
14.6,14.6,14.6,14.6,14.6,14.6,4.24,8.57407,10.6841,5,1.22727,1.22727,11.1182,1.22727,0,0,14.0177,1.19527,-0.0510016,-0.0398425,12.0139,1.22727,-1.86437e-11,-4.88738e-11,
14.7,14.7,14.7,14.7,14.7,14.7,4.26,8.65556,10.7656,5,1.22727,1.22727,11.1996,1.22727,0,0,14.1017,1.19099,-0.054335,-0.0388533,12.0954,1.22727,-2.2626e-11,-6.40153e-11,
14.8,14.8,14.8,14.8,14.8,14.8,4.28,8.73704,10.8471,5,1.22727,1.22727,11.2811,1.22727,0,0,14.186,1.18642,-0.0575972,-0.0376235,12.1769,1.22727,-2.7842e-11,-7.55654e-11,
14.9,14.9,14.9,14.9,14.9,14.9,4.3,8.81852,10.9286,5,1.22727,1.22727,11.3626,1.22727,0,0,14.2706,1.18156,-0.0607684,-0.0361567,12.2583,1.22727,-3.39992e-11,-9.28858e-11,
15,15,15,15,15,15,4.32,8.9,11.0101,5,1.22727,1.22727,11.4441,1.22727,0,0,14.3556,1.1764,-0.0638285,-0.0344568,12.3398,1.22727,-4.15677e-11,-1.0665e-10,
15.1,15.1,15.1,15.1,15.1,15.1,4.34,8.98148,11.0916,5,1.22727,1.22727,11.5256,1.22727,0,0,14.441,1.17097,-0.0667575,-0.0325284,12.4213,1.22727,-5.02577e-11,-1.48238e-10,
15.2,15.2,15.2,15.2,15.2,15.2,4.36,9.06296,11.173,5,1.22727,1.22727,11.6071,1.22727,0,0,14.5268,1.16525,-0.0695354,-0.030376,12.5028,1.22727,-6.23363e-11,-1.63219e-10,
15.3,15.3,15.3,15.3,15.3,15.3,4.38,9.14444,11.2545,5,1.22727,1.22727,11.6885,1.22727,0,0,14.6131,1.15927,-0.0721422,-0.0280048,12.5843,1.22727,-7.56356e-11,-2.13153e-10,
15.4,15.4,15.4,15.4,15.4,15.4,4.4,9.22593,11.336,5,1.22727,1.22727,11.77,1.22727,0,0,14.6998,1.15303,-0.0745579,-0.0254202,12.6657,1.22727,-9.30036e-11,-2.45431e-10,
15.5,15.5,15.5,15.5,15.5,15.5,4.42,9.30741,11.4175,5,1.22727,1.22727,11.8515,1.22727,0,0,14.787,1.14654,-0.0767626,-0.0226277,12.7472,1.22727,-1.13002e-10,-3.03207e-10,
15.6,15.6,15.6,15.6,15.6,15.6,4.44,9.38889,11.499,5,1.22727,1.22727,11.933,1.22727,0,0,14.8748,1.13983,-0.0787361,-0.0196332,12.8287,1.22727,-1.37707e-10,-3.74204e-10,
15.7,15.7,15.7,15.7,15.7,15.7,4.46,9.47037,11.5804,5,1.22727,1.22727,12.0145,1.22727,0,0,14.963,1.1329,-0.0804586,-0.0164427,12.9102,1.22727,-1.68198e-10,-4.68048e-10,
15.8,15.8,15.8,15.8,15.8,15.8,4.48,9.55185,11.6619,5,1.22727,1.22727,12.0959,1.22727,0,0,15.0519,1.12578,-0.08191,-0.0130623,12.9917,1.22727,-2.06335e-10,-5.51157e-10,
15.9,15.9,15.9,15.9,15.9,15.9,4.5,9.63333,11.7434,5,1.22727,1.22727,12.1774,1.22727,0,0,15.1413,1.11848,-0.0830703,-0.00949817,13.0732,1.22727,-2.51245e-10,-6.77166e-10,
16,16,16,16,16,16,4.52,9.71481,11.8249,5,1.22727,1.22727,12.2589,1.22727,0,0,15.2313,1.11102,-0.0839195,-0.00575642,13.1546,1.22727,-3.06421e-10,-8.34516e-10,
16.1,16.1,16.1,16.1,16.1,16.1,4.54,9.7963,11.9064,5,1.22727,1.22727,12.3404,1.22727,0,0,15.3219,1.10345,-0.0844376,-0.00184309,13.2361,1.22727,-3.74419e-10,-1.01796e-09,
16.2,16.2,16.2,16.2,16.2,16.2,4.56,9.87778,11.9878,5,1.22727,1.22727,12.4219,1.22727,0,0,15.4132,1.09577,-0.0846046,0.00223599,13.3176,1.22727,-4.57363e-10,-1.23677e-09,
16.3,16.3,16.3,16.3,16.3,16.3,4.58,9.95926,12.0693,5,1.22727,1.22727,12.5034,1.22727,0,0,15.5051,1.08802,-0.0844006,0.00647528,13.3991,1.22727,-5.58137e-10,-1.51393e-09,
16.4,16.4,16.4,16.4,16.4,16.4,4.6,10.0407,12.1508,5,1.22727,1.22727,12.5848,1.22727,0,-0.756381,15.5977,1.08023,-0.0838054,0.0108697,13.4806,1.22727,-6.81495e-10,-1.84952e-09,
16.5,16.5,16.5,16.5,16.5,16.5,4.62,10.1222,12.2323,5,1.22727,1.22727,12.6663,1.22727,-0.0616311,-0.8,15.6909,1.07245,-0.0827992,0.0154145,13.562,1.22727,-8.32196e-10,-0.44005,
16.6,16.6,16.6,16.6,16.6,16.6,4.64,10.2037,12.3138,5,1.22727,1.22727,12.7481,1.22224,-0.126816,-0.79672,15.7848,1.0647,-0.0813619,0.0201058,13.6435,1.22727,-0.035856,-0.8,
16.7,16.7,16.7,16.7,16.7,16.7,4.66,10.2852,12.3953,5,1.22727,1.22727,12.8307,1.21182,-0.192001,-0.789927,15.8794,1.05703,-0.0794735,0.0249406,13.7252,1.22435,-0.101041,-0.798093,
16.8,16.8,16.8,16.8,16.8,16.8,4.68,10.3667,12.4767,5,1.22727,1.22727,12.9143,1.19587,-0.257187,-0.779531,15.9747,1.04948,-0.077114,0.0299164,13.8074,1.21607,-0.166226,-0.792696,
16.9,16.9,16.9,16.9,16.9,16.9,4.7,10.4481,12.5601,5,1.22727,1.20023,12.9994,1.17417,-0.322372,-0.782631,16.0707,1.04211,-0.0742634,0.0350323,13.8906,1.20232,-0.231412,-0.783735,
17,17,17,17,17,17,4.72,10.5296,12.6467,5,1.22727,1.15437,13.0867,1.14638,-0.389026,0.0306525,16.1673,1.03496,-0.0709017,0.0402885,13.9751,1.18292,-0.296597,-0.771086,
17.1,17.1,17.1,17.1,17.1,17.1,4.74,10.6111,12.7365,5,1.22727,1.11303,13.1766,1.11193,-0.386352,0.799207,16.2646,1.02809,-0.067009,0.0456865,14.0615,1.15757,-0.361782,-0.754565,
17.2,17.2,17.2,17.2,17.2,17.2,4.76,10.6926,12.8294,5,1.22727,1.07699,13.2695,1.07662,-0.314476,0.799729,16.3625,1.02155,-0.0625651,0.0512299,14.1503,1.12588,-0.426967,0.653893,
17.3,17.3,17.3,17.3,17.3,17.3,4.78,10.7741,12.9249,5,1.22727,1.04701,13.365,1.04701,-0.240195,0.8,16.4609,1.0154,-0.0575502,0.0569238,14.2423,1.0873,-0.368889,0.708759,
17.4,17.4,17.4,17.4,17.4,17.4,4.8,10.8556,13.0226,5,1.22727,1.02381,13.4627,1.02381,-0.163787,0.8,16.56,1.00972,-0.0519442,0.0627754,14.3373,1.05283,-0.303704,0.686287,
17.5,17.5,17.5,17.5,17.5,17.5,4.82,10.937,13.1218,5,1.22727,1.008,13.5619,1.00769,-0.0856476,0.79975,16.6595,1.00456,-0.045727,0.0687944,14.435,1.02357,-0.238519,0.667219,
17.6,17.6,17.6,17.6,17.6,17.6,4.84,11.037,13.2218,5,1,1,13.662,0.99915,-0.00628257,0.210472,16.7595,1,-0.0388788,0.0630307,14.535,1,-0.173333,0.8,
17.7,17.7,17.7,17.7,17.7,17.7,4.86,11.137,13.3218,5,1,1,13.7621,0.998521,0.0147825,-0.147606,16.8599,0.996105,-0.0325758,0.0575544,14.6368,0.982514,-0.0933333,0.786011,
17.8,17.8,17.8,17.8,17.8,17.8,4.88,11.237,13.4218,5,1,1,13.8621,1,0,0,16.9606,0.992829,-0.0267978,0.0523501,14.7396,0.972968,-0.0133333,0.778374,
17.9,17.9,17.9,17.9,17.9,17.9,4.9,11.337,13.5218,5,1,1,13.9621,1,0,0,17.0616,0.990126,-0.021525,0.0474042,14.8425,0.971597,0.0666667,0.777277,
18,18,18,18,18,18,4.92,11.437,13.6218,5,1,1,14.0621,1,0,0,17.1628,0.98795,-0.0167373,0.0427048,14.9447,0.978434,0.146667,-0.782747,
18.1,18.1,18.1,18.1,18.1,18.1,4.94,11.537,13.7218,5,1,1,14.1621,1,0,0,17.2642,0.986254,-0.0124147,0.0382414,15.0454,0.993311,0.0666667,-0.662207,
18.2,18.2,18.2,18.2,18.2,18.2,4.96,11.637,13.8218,5,1,1,14.2621,1,0,0,17.3658,0.984994,-0.0085373,0.0340051,15.1454,1,-1.52319e-09,2.78139e-09,
18.3,18.3,18.3,18.3,18.3,18.3,4.98,11.737,13.9218,5,1,1,14.3621,1,0,0,17.4674,0.984127,-0.00508498,0.0299882,15.2454,1,-1.24505e-09,2.28674e-09,
18.4,18.4,18.4,18.4,18.4,18.4,5,11.837,14.0218,5,1,1,14.4621,1,0,0,17.569,0.983611,-0.00203779,0.0261843,15.3454,1,-1.01638e-09,1.87535e-09,
18.5,18.5,18.5,18.5,18.5,18.5,5.02,11.937,14.1218,5,1,1,14.5621,1,0,0,17.6707,0.983403,0.000624276,0.0225882,15.4454,1,-8.28842e-10,1.53845e-09,
18.6,18.6,18.6,18.6,18.6,18.6,5.04,12.037,14.2218,5,1,1,14.6621,1,0,0,17.7724,0.983467,0.00292121,0.0191954,15.5454,1,-6.74998e-10,1.27328e-09,
18.7,18.7,18.7,18.7,18.7,18.7,5.06,12.137,14.3218,5,1,1,14.7621,1,0,7.10543e-12,17.8741,0.983764,0.00487303,0.0160028,15.6454,1,-5.47669e-10,1.06592e-09,
18.8,18.8,18.8,18.8,18.8,18.8,5.08,12.237,14.4218,5,1,1,14.8621,1,7.10543e-13,-1.24345e-11,17.9757,0.984259,0.00649971,0.0130076,15.7454,1,-4.41077e-10,8.73866e-10,
18.9,18.9,18.9,18.9,18.9,18.9,5.1,12.337,14.5218,5,1,1,14.9621,1,-5.32907e-13,5.32907e-12,18.0772,0.984919,0.00782127,0.010208,15.8454,1,-3.53691e-10,7.29539e-10,
19,19,19,19,19,19,5.12,12.437,14.6218,5,1,1,15.0621,1,0,0,18.1786,0.985713,0.00885771,0.00760289,15.9454,1,-2.80737e-10,6.32222e-10,
19.1,19.1,19.1,19.1,19.1,19.1,5.14,12.537,14.7218,5,1,1,15.1621,1,0,0,18.28,0.986611,0.00962902,0.00519137,16.0454,1,-2.17515e-10,5.32188e-10,
19.2,19.2,19.2,19.2,19.2,19.2,5.16,12.637,14.8218,5,1,1,15.2621,1,0,0,18.3813,0.987587,0.0101552,0.00297319,16.1454,1,-1.64296e-10,4.81347e-10,
19.3,19.3,19.3,19.3,19.3,19.3,5.18,12.737,14.9218,5,1,1,15.3621,1,0,0,18.4824,0.988614,0.0104563,0.000948379,16.2454,1,-1.16161e-10,4.20446e-10,
19.4,19.4,19.4,19.4,19.4,19.4,5.2,12.837,15.0218,5,1,1,15.4621,1,0,0,18.5835,0.989671,0.0105522,-0.000882746,16.3454,1,-7.41165e-11,3.97009e-10,
19.5,19.5,19.5,19.5,19.5,19.5,5.22,12.937,15.1218,5,1,1,15.5621,1,0,0,18.6844,0.990737,0.010463,-0.00251966,16.4454,1,-3.44156e-11,3.81463e-10,
19.6,19.6,19.6,19.6,19.6,19.6,5.24,13.037,15.2218,5,1,1,15.6621,1,0,0,18.7852,0.991793,0.0102087,-0.0039617,16.5454,1,3.73075e-12,3.7911e-10,
19.7,19.7,19.7,19.7,19.7,19.7,5.26,13.137,15.3218,5,1,1,15.7621,1,0,0,18.8859,0.992821,0.00980922,-0.00520808,16.6454,1,4.16417e-11,4.1175e-10,
19.8,19.8,19.8,19.8,19.8,19.8,5.28,13.237,15.4218,5,1,1,15.8621,1,0,0,18.9866,0.993809,0.00928465,-0.00625802,16.7454,1,8.28167e-11,4.18738e-10,
19.9,19.9,19.9,19.9,19.9,19.9,5.3,13.337,15.5218,5,1,1,15.9621,1,0,0,19.0871,0.994743,0.00865494,-0.00711068,16.8454,1,1.24691e-10,4.96154e-10,
20,20,20,20,20,20,5.31429,13.437,15.6218,7,1,1,16.0621,1,0,0,19.1875,0.995612,0.00794012,-0.0077653,16.9454,1,1.74306e-10,5.55027e-10,
20.1,20.1,20.1,20.1,20.1,20.1,5.32857,13.537,15.7218,7,1,1,16.1621,1,0,-7.10543e-12,19.2879,0.99641,0.00716017,-0.00822116,17.0454,1,2.29809e-10,6.31196e-10,
20.2,20.2,20.2,20.2,20.2,20.2,5.34286,13.637,15.8218,7,1,1,16.2621,1,-7.10543e-13,1.24345e-11,19.3882,0.997128,0.00633509,-0.00847763,17.1454,1,2.92928e-10,7.7703e-10,
20.3,20.3,20.3,20.3,20.3,20.3,5.35714,13.737,15.9218,7,1,1,16.3621,1,5.32907e-13,-5.32907e-12,19.4884,0.997763,0.00548488,-0.00853417,17.2454,1,3.70631e-10,9.03041e-10,
20.4,20.4,20.4,20.4,20.4,20.4,5.37143,13.837,16.0218,7,1,1,16.4621,1,0,0,19.5886,0.998313,0.00462955,-0.00839038,17.3454,1,4.60935e-10,1.09841e-09,
20.5,20.5,20.5,20.5,20.5,20.5,5.38571,13.937,16.1218,7,1,1,16.5621,1,0,0,19.6887,0.998776,0.0037891,-0.00804597,17.4454,1,5.70777e-10,1.32346e-09,
20.6,20.6,20.6,20.6,20.6,20.6,5.4,14.037,16.2218,7,1,1,16.6621,1,0,0,19.7888,0.999156,0.00298351,-0.00750075,17.5454,1,7.03123e-10,1.60095e-09,
20.7,20.7,20.7,20.7,20.7,20.7,5.41429,14.137,16.3218,7,1,1,16.7621,1,0,0,19.8888,0.999454,0.00223281,-0.00675466,17.6454,1,8.63218e-10,1.94884e-09,
20.8,20.8,20.8,20.8,20.8,20.8,5.42857,14.237,16.4218,7,1,1,16.8621,1,0,0,19.9889,0.999678,0.00155697,-0.00580773,17.7454,1,1.0581e-09,2.37505e-09,
20.9,20.9,20.9,20.9,20.9,20.9,5.44286,14.337,16.5218,7,1,1,16.9621,1,0,0,20.0889,0.999833,0.000976011,-0.00466009,17.8454,1,1.29561e-09,2.89179e-09,
21,21,21,21,21,21,5.45714,14.437,16.6218,7,1,1,17.0621,1,0,0,20.1889,0.999931,0.000509924,-0.0033119,17.9454,1,1.58479e-09,3.52145e-09,
21.1,21.1,21.1,21.1,21.1,21.1,5.47143,14.537,16.7218,7,1,1,17.1621,1,0,0,20.2889,0.999982,0.000178711,-0.00176336,18.0454,1,1.93693e-09,4.29881e-09,
21.2,21.2,21.2,21.2,21.2,21.2,5.48571,14.637,16.8218,7,1,1,17.2621,1,0,7.10543e-12,20.3889,1,2.37218e-06,-2.3758e-05,18.1454,1,2.36681e-09,5.2529e-09,
21.3,21.3,21.3,21.3,21.3,21.3,5.5,14.737,16.9218,7,1,1,17.3621,1,7.10543e-13,-1.24345e-11,20.4889,1,-3.62615e-09,-0.000929239,18.2454,1,2.8921e-09,6.39834e-09,
21.4,21.4,21.4,21.4,21.4,21.4,5.51429,14.837,17.0218,7,1,1,17.4621,1,-5.32907e-13,5.32907e-12,20.5889,1,-9.29276e-05,-0.00201772,18.3454,1,3.53194e-09,7.82153e-09,
21.5,21.5,21.5,21.5,21.5,21.5,5.52857,14.937,17.1218,7,1,1,17.5621,1,0,0,20.6889,0.999991,-0.0002947,-0.00290619,18.4454,1,4.31409e-09,9.54231e-09,
21.6,21.6,21.6,21.6,21.6,21.6,5.54286,15.037,17.2218,7,1,1,17.6621,1,0,0,20.7889,0.999961,-0.000585321,-0.00359457,18.5454,1,5.26832e-09,1.16412e-08,
21.7,21.7,21.7,21.7,21.7,21.7,5.55714,15.137,17.3218,7,1,1,17.7621,1,0,0,20.8889,0.999903,-0.000944792,-0.0040828,18.6454,1,6.43244e-09,1.4233e-08,
21.8,21.8,21.8,21.8,21.8,21.8,5.57143,15.237,17.4218,7,1,1,17.8621,1,0,0,20.9889,0.999808,-0.00135311,-0.00437085,18.7454,1,7.85574e-09,1.7355e-08,
21.9,21.9,21.9,21.9,21.9,21.9,5.58571,15.337,17.5218,7,1,1,17.9621,1,0,0,21.089,0.999673,-0.00179028,-0.00445872,18.8454,1,9.59124e-09,2.12e-08,
22,22,22,22,22,22,5.6,15.437,17.6218,7,1,1,18.0621,1,0,0,21.189,0.999494,-0.0022363,-0.00434647,18.9454,1,1.17112e-08,2.58845e-08,
22.1,22.1,22.1,22.1,22.1,22.1,5.61429,15.537,17.7218,7,1,1,18.1621,1,0,0,21.2891,0.99927,-0.00267117,-0.00403422,19.0454,1,1.42997e-08,3.1605e-08,
22.2,22.2,22.2,22.2,22.2,22.2,5.62857,15.637,17.8218,7,1,1,18.2621,1,0,0,21.3892,0.999003,-0.00307488,-0.00352214,19.1454,1,1.74602e-08,3.85904e-08,
22.3,22.3,22.3,22.3,22.3,22.3,5.64286,15.737,17.9218,7,1,1,18.3621,1,0,0,21.4893,0.998695,-0.00342745,-0.00281048,19.2454,1,2.13192e-08,4.71069e-08,
22.4,22.4,22.4,22.4,22.4,22.4,5.65714,15.837,18.0218,7,1,1,18.4621,1,0,0,21.5895,0.998352,-0.00370886,-0.00189951,19.3454,1,2.60299e-08,5.75317e-08,
22.5,22.5,22.5,22.5,22.5,22.5,5.67143,15.937,18.1218,7,1,1,18.5621,1,0,0,21.6897,0.99798,-0.00389913,-0.000789535,19.4454,1,3.17831e-08,7.02343e-08,
22.6,22.6,22.6,22.6,22.6,22.6,5.68571,16.037,18.2218,7,1,1,18.6621,1,0,-7.10543e-12,21.7899,0.997589,-0.00397824,0.00051912,19.5454,1,3.88065e-08,8.57419e-08,
22.7,22.7,22.7,22.7,22.7,22.7,5.7,16.137,18.3218,7,1,1,18.7621,1,-7.10543e-13,1.24345e-11,21.8902,0.99719,-0.0039262,0.00202617,19.6454,1,4.73807e-08,1.04719e-07,
22.8,22.8,22.8,22.8,22.8,22.8,5.71429,16.237,18.4218,7,1,1,18.8621,1,5.32907e-13,-5.32907e-12,21.9905,0.996797,-0.00372302,0.0037314,19.7454,1,5.78526e-08,1.27826e-07,
22.9,22.9,22.9,22.9,22.9,22.9,5.72857,16.337,18.5218,7,1,1,18.9621,1,0,0,22.0909,0.996423,-0.00334868,0.00563467,19.8454,1,7.06352e-08,-0.0308247,
23,23,23,23,23,23,5.74286,16.437,18.6218,7,1,1,19.0621,1,0,0,22.1913,0.996087,-0.00278319,0.00773602,19.9454,1,-0.0030824,-0.8,
23.1,23.1,23.1,23.1,23.1,23.1,5.75714,16.537,18.7218,7,1,1,19.1621,1,0,0,22.2917,0.995807,-0.00200655,0.0100357,20.0454,0.999692,-0.0830824,-0.799753,
23.2,23.2,23.2,23.2,23.2,23.2,5.77143,16.637,18.8218,7,1,1,19.2621,1,0,0,22.3921,0.995606,-0.000998754,0.0125341,20.1463,0.991346,-0.163082,-0.409532,
23.3,23.3,23.3,23.3,23.3,23.3,5.78571,16.737,18.9218,7,1,1,19.3621,1,0,0,22.4926,0.995506,0.000260188,0.0152322,20.2489,0.974757,-0.204393,0.779805,
23.4,23.4,23.4,23.4,23.4,23.4,5.8,16.837,19.0218,7,1,1,19.4621,1,0,0,22.593,0.995532,0.00179028,0.0181311,20.3537,0.953557,-0.124393,0.762846,
23.5,23.5,23.5,23.5,23.5,23.5,5.81429,16.937,19.1218,7,1,1,19.5621,1,0,0,22.6935,0.995711,0.00361152,0.0212325,20.4601,0.940422,-0.0443931,0.752337,
23.6,23.6,23.6,23.6,23.6,23.6,5.82857,17.037,19.2218,7,1,1,19.6621,1,0,0,22.7939,0.996074,0.00574392,0.0245387,20.5669,0.935689,0.0356069,0.748551,
23.7,23.7,23.7,23.7,23.7,23.7,5.84286,17.137,19.3218,7,1,1,19.7621,1,0,-0.0112512,22.8942,0.996651,0.00820747,0.0280527,20.6734,0.939487,0.115607,0.75159,
23.8,23.8,23.8,23.8,23.8,23.8,5.85714,17.237,19.4218,7,1,1,19.8621,1,-0.00112512,0.0184768,22.9945,0.997474,0.0110222,0.031778,20.7784,0.951713,0.195607,0.76137,
23.9,23.9,23.9,23.9,23.9,23.9,5.87143,17.337,19.5218,7,1,1,19.9622,0.999887,0.000722561,0.79991,23.0946,0.998578,0.014208,0.0357191,20.8813,0.972049,0.275607,0.777639,
24,24,24,24,24,24,5.88571,17.437,19.6218,7,1,1,20.0622,0.99996,0.0807226,0.799968,23.1946,1,0.017785,0.0293637,20.9813,1,0.355607,-0.8,
24.1,24.1,24.1,24.1,24.1,24.1,5.9,17.505,19.721,7,1.47059,1.008,20.1614,1.008,0.160723,0.8,23.2944,1.00178,0.0207214,0.0231986,21.0779,1.03495,0.275607,-0.563015,
24.2,24.2,24.2,24.2,24.2,24.2,5.91429,17.5193,19.8187,7,7,1.02381,20.259,1.02382,0.240088,0.800008,23.394,1.00384,0.0230371,0.0172171,21.1722,1.06125,0.221207,-0.121283,
24.3,24.3,24.3,24.3,24.3,24.3,5.92857,17.5336,19.9142,7,7,1.04701,20.3545,1.04701,0.318227,0.8,23.4934,1.00614,0.0247522,0.0114145,21.2646,1.08189,0.209778,-0.123645,
24.4,24.4,24.4,24.4,24.4,24.4,5.94286,17.5479,20.007,7,7,1.07699,20.4474,1.07697,0.394635,0.799239,23.5926,1.00859,0.0258867,0.00578793,21.3554,1.10111,0.19835,-0.125841,
24.5,24.5,24.5,24.5,24.5,24.5,5.95714,17.5622,20.0969,7,7,1.11303,20.5372,1.11301,0.468847,0.790676,23.6915,1.01116,0.0264606,0.000336062,21.4448,1.11898,0.186921,-0.127883,
24.6,24.6,24.6,24.6,24.6,24.6,5.97143,17.5765,20.1835,7,7,1.15437,20.6239,1.15437,0.539886,0.790391,23.7901,1.01377,0.0264938,-0.00494103,21.5329,1.13556,0.175493,-0.129778,
24.7,24.7,24.7,24.7,24.7,24.7,5.98571,17.5908,20.2668,7,7,1.20023,20.7072,1.20023,0.608356,0.787572,23.8885,1.01638,0.0260064,-0.010042,21.6197,1.15091,0.164064,-0.131533,
24.8,24.8,24.8,24.8,24.8,24.8,6,17.605,20.3468,7,7,1.24989,20.7872,1.24989,0.673974,0.78497,23.9866,1.01894,0.0250184,-0.0149645,21.7056,1.16508,0.152635,-0.133152,
24.9,24.9,24.9,24.9,24.9,24.9,6.01429,17.6193,20.4236,7,7,1.30269,20.864,1.30269,0.736778,-0.320701,24.0845,1.02139,0.0235498,-0.0197054,21.7905,1.17811,0.141207,-0.134641,
25,25,25,25,25,25,6.02857,17.6336,20.4972,7,7,1.35807,20.9376,1.35807,0.712159,-0.8,24.1822,1.02369,0.0216205,-0.0242604,21.8745,1.19003,0.129778,-0.136004,
25.1,25.1,25.1,25.1,25.1,25.1,6.04286,17.6479,20.5679,7,7,1.41553,21.0085,1.40954,0.653252,-0.796611,24.2797,1.0258,0.0192506,-0.0286252,21.9578,1.20089,0.11835,-0.137244,
25.2,25.2,25.2,25.2,25.2,25.2,6.05714,17.6622,20.6357,7,7,1.47465,21.0773,1.45515,0.596737,-0.789416,24.377,1.02768,0.0164601,-0.0327947,22.0404,1.2107,0.106921,-0.138366,
25.3,25.3,25.3,25.3,25.3,25.3,6.07143,17.6765,20.7008,7,7,1.53508,21.1441,1.49559,0.542487,-0.779419,24.4742,1.02928,0.0132689,-0.0367635,22.1224,1.2195,0.0954925,-0.139372,
25.4,25.4,25.4,25.4,25.4,25.4,6.08571,17.6908,20.7634,7,7,1.59653,21.2094,1.53144,0.490372,-0.767383,24.5712,1.03056,0.00969713,-0.040526,22.2038,1.22731,0.084064,-0.140264,
25.5,25.5,25.5,25.5,25.5,25.5,6.1,17.705,20.8237,7,7,1.65875,21.2734,1.56313,0.440264,-0.753884,24.6682,1.0315,0.00576472,-0.0440766,22.2849,1.23414,0.0726354,-0.141044,
25.6,25.6,25.6,25.6,25.6,25.6,6.11429,17.7193,20.8819,7,7,1.71903,21.3363,1.59104,0.392034,-0.740437,24.7651,1.03206,0.00149169,-0.0474095,22.3655,1.24001,0.0612068,-0.141715,
25.7,25.7,25.7,25.7,25.7,25.7,6.12857,17.7336,20.9382,7,7,1.77721,21.3982,1.6155,0.345497,-0.727207,24.8619,1.03221,-0.00310197,-0.0505192,22.4458,1.24494,0.0497782,-0.142278,
25.8,25.8,25.8,25.8,25.8,25.8,6.14286,17.7479,20.9927,7,7,1.83347,21.4592,1.63674,0.300482,-0.71416,24.9588,1.03191,-0.00799626,-0.0534003,22.5259,1.24893,0.0383497,-0.142735,
25.9,25.9,25.9,25.9,25.9,25.9,6.15714,17.7622,21.0457,7,7,1.88801,21.5197,1.655,0.256849,-0.701265,25.0558,1.03113,-0.0131712,-0.0560476,22.6058,1.25199,0.0269211,-0.143085,
26,26,26,26,26,26,6.17143,17.7765,21.0972,7,7,1.94098,21.5795,1.67045,0.214477,-0.688496,25.1529,1.02985,-0.0186067,-0.0584563,22.6855,1.25414,0.0154925,-0.143331,
26.1,26.1,26.1,26.1,26.1,26.1,6.18571,17.7908,21.1474,7,7,1.9925,21.6389,1.68324,0.17326,-0.675829,25.2502,1.02805,-0.0242829,-0.0606218,22.7652,1.25538,0.00406393,-0.143472,
26.2,26.2,26.2,26.2,26.2,26.2,6.2,17.805,21.1963,7,7,2.04269,21.698,1.6935,0.13311,-0.663243,25.3477,1.02568,-0.0301797,-0.0625401,22.8448,1.2557,-0.00736464,-0.143509,
26.3,26.3,26.3,26.3,26.3,26.3,6.21429,17.8193,21.2441,7,7,2.09164,21.7568,1.70134,0.0939456,-0.650719,25.4455,1.02273,-0.0362771,-0.0642078,22.9245,1.25511,-0.0187932,-0.143442,
26.4,26.4,26.4,26.4,26.4,26.4,6.22857,17.8336,21.2909,7,7,2.13945,21.8154,1.70685,0.0556982,-0.638239,25.5436,1.01918,-0.0425552,-0.0656218,23.0042,1.25362,-0.0302218,-0.14327,
26.5,26.5,26.5,26.5,26.5,26.5,6.24286,17.8479,21.3366,7,7,2.18619,21.8738,1.71011,0.0183055,-0.625787,25.6421,1.015,-0.0489938,-0.0667798,23.0842,1.2512,-0.0416504,-0.142995,
26.6,26.6,26.6,26.6,26.6,26.6,6.25714,17.8622,21.3814,7,7,2.23194,21.9323,1.71118,-0.0182878,-0.613345,25.7411,1.01016,-0.0555732,-0.0676799,23.1643,1.24787,-0.0530789,-0.142614,
26.7,26.7,26.7,26.7,26.7,26.7,6.27143,17.8765,21.4254,7,7,2.27674,21.9907,1.71012,-0.0541311,-0.6009,25.8406,1.00464,-0.0622731,-0.0683213,23.2447,1.24361,-0.0645075,-0.142127,
26.8,26.8,26.8,26.8,26.8,26.8,6.28571,17.8908,21.4684,7,7,2.32066,22.0493,1.70695,-0.0892691,-0.588434,25.9408,0.998424,-0.0690736,-0.0687034,23.3255,1.23841,-0.0759361,-0.141533,
26.9,26.9,26.9,26.9,26.9,26.9,6.3,17.905,21.5108,7,7,2.36375,22.1081,1.70171,-0.123742,-0.575935,26.0417,0.991482,-0.0759548,-0.0688268,23.4066,1.23226,-0.0873646,-0.14083,
27,27,27,27,27,27,6.31429,17.9193,21.5523,7,7,2.40606,22.1671,1.69442,-0.157586,-0.563385,26.1433,0.983791,-0.0828967,-0.0686926,23.4882,1.22515,-0.0987932,-0.140018,
27.1,27.1,27.1,27.1,27.1,27.1,6.32857,17.9336,21.5938,7,7,2.40996,22.2265,1.6851,-0.190836,-0.559378,26.2458,0.975329,-0.0898791,-0.0683029,23.5704,1.21706,-0.110222,-0.139093,
27.2,27.2,27.2,27.2,27.2,27.2,6.34286,17.9479,21.636,7,7,2.36772,22.2862,1.67373,-0.224031,-0.565517,26.3493,0.966069,-0.0968822,-0.0676606,23.6532,1.20797,-0.12165,-0.138054,
27.3,27.3,27.3,27.3,27.3,27.3,6.35714,17.9622,21.6791,7,7,2.32471,22.3464,1.66029,-0.257819,-0.571356,26.454,0.955988,-0.103886,-0.0667693,23.7367,1.19786,-0.133079,-0.136898,
27.4,27.4,27.4,27.4,27.4,27.4,6.37143,17.9765,21.7229,7,7,2.28086,22.4072,1.64469,-0.292232,-0.576866,26.5598,0.945059,-0.11087,-0.0656339,23.8209,1.1867,-0.144508,-0.135623,
27.5,27.5,27.5,27.5,27.5,27.5,6.38571,17.9908,21.7676,7,7,2.23614,22.4687,1.62683,-0.327307,-0.582012,26.6669,0.933254,-0.117815,-0.0642599,23.9061,1.17446,-0.155936,-0.134224,
27.6,27.6,27.6,27.6,27.6,27.6,6.4,18.005,21.8133,7,7,2.19049,22.531,1.60658,-0.363082,-0.586747,26.7755,0.920543,-0.124701,-0.062654,23.9922,1.1611,-0.167365,-0.132698,
27.7,27.7,27.7,27.7,27.7,27.7,6.41429,18.0193,21.8599,7,7,2.14385,22.5941,1.58382,-0.399604,-0.59102,26.8858,0.906895,-0.131507,-0.0608239,24.0794,1.1466,-0.178793,-0.13104,
27.8,27.8,27.8,27.8,27.8,27.8,6.42857,18.0336,21.9076,7,7,2.09614,22.6583,1.55839,-0.43692,-0.594764,26.9979,0.892277,-0.138214,-0.0587784,24.1678,1.1309,-0.190222,-0.129246,
27.9,27.9,27.9,27.9,27.9,27.9,6.44286,18.0479,21.9565,7,7,2.04729,22.7236,1.53009,-0.475085,-0.597898,27.112,0.87665,-0.144801,-0.0565271,24.2576,1.11395,-0.20165,-0.127309,
28,28,28,28,28,28,6.45714,18.0622,22.0065,7,7,1.99723,22.7903,1.49872,-0.514161,-0.600321,27.2282,0.859974,-0.151249,-0.0540813,24.3489,1.0957,-0.213079,-0.125223,
28.1,28.1,28.1,28.1,28.1,28.1,6.47143,18.0765,22.0579,7,7,1.94583,22.8586,1.46401,-0.554217,-0.601907,27.347,0.842202,-0.157538,-0.051453,24.4418,1.07608,-0.224508,-0.12298,
28.2,28.2,28.2,28.2,28.2,28.2,6.48571,18.0908,22.1108,7,7,1.89301,22.9288,1.42565,-0.59533,-0.602493,27.4684,0.823284,-0.163647,-0.0486558,24.5366,1.05501,-0.235936,-0.120572,
28.3,28.3,28.3,28.3,28.3,28.3,6.5,18.105,22.1652,7,7,1.83862,23.0011,1.38327,-0.637591,-0.601872,27.593,0.803161,-0.169557,-0.0457046,24.6335,1.0324,-0.247365,-0.117989,
28.4,28.4,28.4,28.4,28.4,28.4,6.51429,18.1193,22.2213,7,7,1.78252,23.0759,1.33638,-0.681102,-0.599771,27.7209,0.781765,-0.175248,-0.0426157,24.7326,1.00816,-0.258793,-0.115218,
28.5,28.5,28.5,28.5,28.5,28.5,6.52857,18.1336,22.2792,7,7,1.72453,23.1538,1.2844,-0.725982,-0.595826,27.8526,0.759017,-0.180699,-0.039407,24.8345,0.982152,-0.270222,-0.112246,
28.6,28.6,28.6,28.6,28.6,28.6,6.54286,18.1479,22.3393,7,7,1.66445,23.2353,1.22658,-0.772372,-0.58954,27.9887,0.734824,-0.185891,-0.0360981,24.9393,0.954242,-0.28165,-0.109056,
28.7,28.7,28.7,28.7,28.7,28.7,6.55714,18.1622,22.4017,7,7,1.60203,23.3214,1.1619,-0.820436,-0.411797,28.1297,0.709076,-0.190803,-0.0327104,25.0475,0.924255,-0.293079,-0.105629,
28.8,28.8,28.8,28.8,28.8,28.8,6.57143,18.1765,22.4668,7,7,1.53697,23.4132,1.089,-0.855877,0.566832,28.2764,0.681636,-0.195417,-0.0292676,25.1596,0.891982,-0.304507,-0.101941,
28.9,28.9,28.9,28.9,28.9,28.9,6.58571,18.1908,22.5349,7,7,1.46889,23.5125,1.00735,-0.803827,0.548632,28.4297,0.652338,-0.19971,-0.0257958,25.2762,0.857164,-0.315936,-0.0979616,
29,29,29,29,29,29,6.6,18.205,22.6064,7,7,1.39732,23.6207,0.924114,-0.749364,0.529076,28.5908,0.620969,-0.203665,-0.0223237,25.3983,0.819477,-0.327365,-0.0936545,
29.1,29.1,29.1,29.1,29.1,29.1,6.61429,18.2193,22.6821,7,7,1.32166,23.7398,0.839115,-0.692112,0.507915,28.7611,0.587256,-0.20726,-0.0188839,25.5267,0.778505,-0.338793,-0.088972,
29.2,29.2,29.2,29.2,29.2,29.2,6.62857,18.2336,22.7627,7,7,1.24109,23.8728,0.752125,-0.631582,0.484817,28.9426,0.550834,-0.210475,-0.0155128,25.663,0.733697,-0.350222,-0.0838511,
29.3,29.3,29.3,29.3,29.3,29.3,6.64286,18.2479,22.8493,7,7,1.15447,24.0237,0.662854,-0.567122,0.459331,29.1382,0.511197,-0.213291,-0.0122527,25.8091,0.684301,-0.36165,-0.0782057,
29.4,29.4,29.4,29.4,29.4,29.4,6.65714,18.2622,22.9436,7,7,1.06014,24.1988,0.570921,-0.497826,0.430827,29.3521,0.467616,-0.215688,-0.00915354,25.9681,0.629236,-0.373079,-0.0719125,
29.5,29.5,29.5,29.5,29.5,29.5,6.67143,18.2765,23.0483,7,7,0.955481,24.409,0.4758,-0.422364,0.398375,29.5908,0.418959,-0.217646,-0.00627651,26.1445,0.566852,-0.384507,-0.064783,
29.6,29.6,29.6,29.6,29.6,29.6,6.68571,18.2908,23.1679,7,7,0.83584,24.6744,0.376713,-0.338637,0.360559,29.866,0.363315,-0.219144,-0.00370126,26.3467,0.494389,-0.395936,-0.0565014,
29.7,29.7,29.7,29.7,29.7,29.7,6.7,18.305,23.3116,7,7,0.696107,25.0416,0.272369,-0.242925,0.31302,30.2028,0.296933,-0.220163,-0.00154219,26.5928,0.406488,-0.407365,-0.0464557,
29.8,29.8,29.8,29.8,29.8,29.8,6.71429,18.3193,23.9366,7,7,0.16,25.6666,0.16,-0.128,0.8,30.6788,0.210087,-0.220682,1.39946e-15,26.9383,0.289413,-0.418793,0.0330754,
29.9,29.8,29.8,29.8,29.8,29.8,6.81429,18.4193,24.0366,0,0,0,25.7666,0,0.372,0.8,30.7788,0,-0.220682,1.39946e-15,27.0383,0,-0.407365,0.0330754,
